<!DOCTYPE hibernate-configuration PUBLIC
        "-//Hibernate/Hibernate Configuration DTD 3.0//EN"
        "http://www.hibernate.org/dtd/hibernate-configuration-3.0.dtd">

<hibernate-configuration>
    <session-factory>
        <property name="hibernate.dialect">org.hibernate.dialect.PostgreSQLDialect</property>
        <property name="hibernate.connection.driver_class">org.postgresql.Driver</property>
        <property name="hibernate.connection.username">postgres</property>
        <property name="hibernate.connection.password">1234</property>
        <property name="hibernate.connection.url">jdbc:postgresql://localhost:5432/poo</property>


        <property name="connection_pool_size">1</property>
        <property name="hbm2ddl.auto">validate</property>
        <property name="show_sql">true</property>
        
        <mapping class="com.gestion_peliculas.entity.Actor"/>
        <mapping class="com.gestion_peliculas.entity.Director"/>
        <mapping class="com.gestion_peliculas.entity.Pelicula"/>
        <mapping class="com.gestion_peliculas.entity.Genero"/>
        
      

    </session-factory>
</hibernate-configuration>

